ACCIDENT_YEAR,COLLISION_DATE,COLLISION_TIME,MONTH,SEASON,24HOURS,DAY_OF_WEEK,INTERSECTION,WEATHER_1,STATE_HWY_IND,ROAD_SURFACE,ROAD_COND_1,LIGHTING,STWD_VEHTYPE_AT_FAULT,CHP_VEHTYPE_AT_FAULT,DIRECTION,PCF_VIOL_CATEGORY,TYPE_OF_COLLISION,PEDESTRIAN_ACCIDENT,BICYCLE_ACCIDENT,MOTORCYCLE_ACCIDENT,TRUCK_ACCIDENT,MVIW,TOW_AWAY,HIT_AND_RUN,CONTROL_DEVICE,NUMBER_INJURED,COUNT_PED_INJURED,COUNT_BICYCLIST_INJURED,COUNT_MC_INJURED,PCF_VIOLATION,PARTY_COUNT,POINT_Y,POINT_X,COLLISION_SEVERITY
2012,2012-07-15,1805,7,2,18,7,N,A,Y,A,H,A,A,07,E,01,E,,,,,I,Y,N,D,1,0,0,0,23152.0,1,39.58834345,-122.43373153,4
2012,2012-07-12,1345,7,2,13,4,N,A,N,A,H,A,C,02,W,01,F,,,Y,,A,Y,N,D,1,0,0,1,23152.0,1,39.795982,-122.31556803,2
2012,2012-07-20,555,7,2,5,5,N,A,N,A,H,A,A,01,W,08,E,,,,,I,Y,N,D,1,0,0,0,22107.0,1,39.46202191,-122.09914684,3
2012,2012-07-22,1605,7,2,16,7,N,A,Y,A,H,A,B,08,S,08,B,,,,Y,C,Y,N,D,2,0,0,0,22107.0,2,39.5979193,-122.2091517,3
2012,2012-07-25,1405,7,2,14,3,N,A,Y,A,H,A,A,01,S,08,E,,,,,J,Y,N,D,1,0,0,0,22107.0,1,39.67874014,-122.2045115,4
2012,2012-08-09,1240,8,2,12,4,N,A,N,A,H,A,D,22,E,03,D,,,,,C,Y,N,D,1,0,0,0,22350.0,2,39.76900529,-122.19349884,4
2012,2012-07-30,1200,7,2,12,1,N,A,N,A,H,A,D,22,E,01,F,,,,,A,Y,N,D,1,0,0,0,23152.0,1,39.76868817,-122.14961854,4
2012,2012-09-20,630,9,3,6,4,Y,A,Y,A,H,B,E,22,,09,D,,,,,C,Y,N,A,1,0,0,0,21802.0,2,39.74690792,-122.14200065,4
2012,2012-09-24,843,9,3,8,1,Y,A,Y,A,H,A,A,01,,04,C,,,,,C,Y,N,A,3,0,0,0,21703.0,2,39.74736517,-122.18999078,3
2012,2012-09-22,640,9,3,6,6,N,A,Y,A,H,D,A,08,N,08,E,,,,,I,Y,N,D,1,0,0,0,22107.0,1,39.6311799,-122.20435191,4
2012,2012-10-13,1717,10,3,17,6,Y,A,Y,A,H,A,A,01,,12,D,,,,,C,Y,N,A,2,0,0,0,22450.0,2,39.52419515,-122.18950991,3
2012,2012-08-13,1338,8,2,13,1,Y,A,Y,A,H,A,D,22,,10,D,,,,,C,N,N,A,1,0,0,0,21950.0,2,39.75191516,-122.20857338,3
2012,2012-08-04,1033,8,2,10,6,N,A,N,A,H,A,D,22,E,03,C,,,,,C,N,N,A,1,0,0,0,22350.0,3,39.74736512,-122.18971404,4
2012,2012-09-15,650,9,3,6,6,N,A,N,A,H,B,D,22,E,08,F,,,,,A,Y,N,D,1,0,0,0,22107.0,1,39.69723418,-122.24743378,4
2012,2012-09-17,555,9,3,5,1,N,A,N,A,D,D,A,01,E,03,C,,,,,C,N,N,A,2,0,0,0,22350.0,3,,,4
2012,2012-09-26,1535,9,3,15,3,N,A,N,A,H,A,D,22,E,01,E,,,,,I,Y,N,D,1,0,0,0,23152.0,1,39.68185821,-122.15854293,3
2012,2012-08-05,1945,8,2,19,7,N,A,Y,A,H,A,C,02,W,01,E,,,Y,,I,Y,N,A,1,0,0,1,23152.0,1,39.45768203,-121.99261011,2
2012,2012-08-12,20,8,2,0,7,N,A,Y,A,H,D,A,07,N,08,B,,,,,C,N,N,D,3,0,0,0,22107.0,2,39.63894095,-122.20441378,4
2012,2012-08-26,1050,8,2,10,7,N,A,N,A,H,A,A,01,N,08,E,,,,,I,Y,N,D,1,0,0,0,22107.0,1,39.73854023,-122.24807918,2
2012,2012-10-15,1636,10,3,16,1,N,A,Y,A,H,A,D,22,E,03,C,,,,,C,Y,N,D,1,0,0,0,22350.0,2,39.521852,-122.04902634,4
2012,2012-10-06,1320,10,3,13,6,Y,A,N,A,D,A,D,22,,09,D,,,,,C,Y,N,A,1,0,0,0,21801.0,2,39.76852507,-122.11011333,4
2012,2012-10-04,920,10,3,9,4,Y,A,Y,A,H,A,G,25,,03,F,,,,Y,A,Y,N,D,1,0,0,0,22350.0,1,39.70851518,-122.00372334,3
2012,2012-08-17,750,8,2,7,5,N,A,Y,A,H,A,A,01,E,08,E,,,,,I,Y,N,D,1,0,0,0,22107.0,1,39.46426517,-121.95610547,4
2012,2012-10-20,1430,10,3,14,6,N,A,Y,A,H,A,D,22,E,03,C,,,,,C,Y,N,D,4,0,0,0,22350.0,2,39.74683478,-122.12662035,2
2012,2012-09-20,1030,9,3,10,4,Y,A,Y,A,G,A,N,60,,11,G,Y,,,,B,N,N,A,1,1,0,0,21950.0,2,39.74738516,-122.19425204,3
2013,2013-01-17,1134,1,4,11,4,N,A,Y,A,H,A,J,48,W,22,B,,,,,C,Y,N,D,2,0,0,0,,2,39.5241346,-122.1649576,4
2012,2012-09-13,2350,9,3,23,4,Y,A,N,A,H,C,A,01,,10,G,Y,,,,B,N,F,A,1,1,0,0,21950.0,2,39.74958507,-122.19743331,4
2012,2012-09-01,1018,9,3,10,6,N,A,Y,A,H,A,A,01,S,08,F,,,,,A,Y,N,D,1,0,0,0,22107.0,1,39.39341646,-122.19329088,4
2012,2012-09-28,1935,9,3,19,5,N,A,Y,A,H,D,A,01,S,08,E,,,,,I,Y,F,D,1,0,0,0,22107.0,1,39.60801193,-122.20773818,3
2012,2012-11-24,1015,11,3,10,6,Y,A,N,A,H,A,E,22,,09,D,,,,,C,N,N,A,1,0,0,0,21802.0,2,39.72551512,-122.17828339,4
2012,2012-11-22,1710,11,3,17,4,N,A,N,A,H,C,D,22,S,09,D,,,,,C,Y,F,D,2,0,0,0,21804.0,2,39.74274042,-122.00700631,4
2012,2012-11-06,1813,11,3,18,2,Y,A,N,A,H,C,N,60,,11,G,Y,,,,B,N,N,A,1,1,0,0,21950.0,2,39.74008509,-122.18749333,4
2012,2012-11-17,240,11,3,2,6,N,C,Y,B,H,D,A,07,N,03,C,,,,Y,C,Y,N,D,2,0,0,0,22350.0,2,39.61278422,-122.20728947,4
2012,2012-10-05,808,10,3,8,5,N,A,Y,A,H,A,A,01,N,01,E,,,,,I,Y,N,D,1,0,0,0,23152.0,1,39.74212745,-122.20581834,3
2012,2012-10-13,1644,10,3,16,6,N,A,Y,A,H,A,A,01,N,08,E,,,,,I,Y,N,D,2,0,0,0,22107.0,1,39.71359139,-122.20627212,3
2012,2012-10-02,654,10,3,6,2,N,A,Y,A,H,D,A,07,N,01,E,,,,,I,Y,N,D,1,0,0,0,23152.0,1,39.67116838,-122.008384,3
2012,2012-11-30,1155,11,3,11,5,Y,C,N,B,H,A,A,01,,03,E,,,,,I,Y,N,D,3,0,0,0,22350.0,1,39.516804,-122.2267995,4
2012,2012-11-27,710,11,3,7,2,N,A,N,A,H,B,A,01,W,08,E,,,,,I,Y,N,D,1,0,0,0,22107.0,1,39.6239234,-122.16260254,4
2012,2012-12-16,2200,12,4,22,7,N,B,N,B,H,D,D,22,E,08,E,,,,,I,Y,N,D,1,0,0,0,22107.0,1,39.55329066,-122.1302247,3
2012,2012-12-02,1835,12,4,18,7,N,C,Y,B,H,C,D,22,W,03,C,,,,,C,N,F,D,4,0,0,0,22350.0,3,39.52423515,-122.19848721,4
2012,2012-10-25,1527,10,3,15,4,N,A,Y,A,H,A,-,- ,W,04,C,,,,,C,N,F,D,1,0,0,0,21703.0,2,39.52421515,-122.21476335,4
2012,2012-09-19,1428,9,3,14,3,N,A,N,A,H,A,D,22,S,04,C,,,,,C,N,N,A,1,0,0,0,21703.0,2,39.52419391,-122.193973,4
2012,2012-07-23,1744,7,2,17,1,N,A,Y,A,H,A,D,22,W,09,D,,,,,C,Y,N,D,1,0,0,0,21801.0,2,39.52423515,-122.19601066,4
2012,2012-12-03,1424,12,4,14,1,Y,A,Y,A,H,A,A,01,,09,A,,,Y,,C,Y,N,A,1,0,0,1,21802.0,2,39.74730715,-122.18235668,3
2012,2012-11-23,1615,11,3,16,5,N,A,N,A,H,A,A,01,S,08,F,,,,,A,N,N,D,1,0,0,0,22107.0,1,39.61791256,-122.13757932,4
2012,2012-11-08,1730,11,3,17,4,N,B,N,A,H,D,A,07,N,08,E,,,,,I,N,N,D,1,0,0,0,22107.0,1,39.76214505,-122.22025081,3
2012,2012-11-16,1245,11,3,12,5,N,C,Y,B,H,A,A,01,S,08,E,,,,,I,N,N,D,1,0,0,0,22107.0,1,39.52022297,-122.21428273,4
2013,2013-01-04,1815,1,4,18,5,N,A,Y,A,H,D,D,22,E,01,E,,,,,I,Y,N,D,1,0,0,0,23152.0,1,39.5982751,-122.5058738,2
2013,2013-01-19,1200,1,4,12,6,N,A,N,A,H,A,C,02,S,03,F,,,Y,,A,Y,N,D,1,0,0,1,22350.0,1,39.69833722,-122.54998863,3
2013,2013-01-11,1910,1,4,19,5,N,A,Y,A,H,D,N,60,N,11,G,Y,,,,B,N,N,A,1,1,0,0,21954.0,2,39.5326613,-122.2146192,3
2013,2013-02-03,2125,2,4,21,7,Y,A,N,A,H,D,D,22,,03,E,,,,,I,Y,N,A,1,0,0,0,22350.0,1,,,3
2013,2013-01-19,400,1,4,4,6,N,A,N,A,H,D,D,22,E,01,E,,,,,I,Y,M,D,1,0,0,0,23152.0,1,39.7912807,-122.3109564,4
2013,2013-07-19,1610,7,2,16,5,N,A,N,A,H,A,A,01,S,08,E,,,,,I,Y,N,D,0,0,0,0,22107.0,1,39.4391196,-121.9672693,1
2013,2013-08-04,1650,8,2,16,7,N,A,Y,A,H,A,A,08,E,08,E,,,,,I,Y,N,D,0,0,0,0,22107.0,1,39.6028951,-122.5077234,1
2013,2013-08-16,1825,8,2,18,5,Y,A,N,A,H,A,A,01,,09,D,,,,,C,Y,N,A,1,0,0,0,21802.0,2,39.7685251,-122.1101133,1
2013,2013-12-11,410,12,4,4,3,N,A,Y,A,H,D,A,01,N,03,C,,,,Y,C,Y,N,D,0,0,0,0,22350.0,2,39.76546,-122.2053274,1
2013,2013-01-24,1933,1,4,19,4,Y,A,N,A,H,C,A,01,,01,D,,,,,C,Y,F,A,3,0,0,0,23152.0,2,39.740265,-122.1973133,3
2012,2012-12-07,1823,12,4,18,5,N,A,Y,A,H,D,A,07,W,01,E,,,,,I,N,N,A,1,0,0,0,23152.0,1,39.49867514,-122.19910334,3
2012,2012-12-23,1855,12,4,18,7,N,B,Y,B,H,D,A,07,S,08,F,,,,,A,Y,N,D,4,0,0,0,22107.0,1,39.44158902,-122.1936375,3
2012,2012-11-09,425,11,3,4,5,Y,B,N,A,H,C,A,01,,05,E,,,,,I,,N,D,1,0,0,0,21650.0,1,39.74954504,-122.18746335,2
2012,2012-10-15,728,10,3,7,1,Y,A,Y,A,H,A,A,01,,09,D,,,,,C,Y,N,A,1,0,0,0,21801.0,2,39.74738572,-122.19555043,4
2012,2012-10-27,1655,10,3,16,6,N,A,N,A,H,A,A,01,N,04,C,,,,,C,Y,N,D,2,0,0,0,21703.0,2,39.74962545,-122.19742261,4
2012,2012-10-09,1140,10,3,11,2,Y,A,Y,A,H,A,A,01,,03,C,,,,,C,N,N,A,3,0,0,0,22350.0,2,39.75071506,-122.19712332,4
2012,2012-10-20,902,10,3,9,6,N,A,N,A,A,A,-,- ,S,18,F,,Y,,,I,N,N,D,1,0,1,0,,1,39.75425117,-122.19701506,4
2012,2012-10-14,1902,10,3,19,7,Y,A,Y,A,H,C,C,02,,03,B,,,Y,,C,Y,N,A,2,0,0,2,22350.0,2,39.75003254,-122.20385792,2
2013,2013-01-11,1230,1,4,12,5,N,A,Y,A,H,A,A,08,W,08,F,,,,,A,Y,N,D,3,0,0,0,22107.0,1,39.5809742,-122.3905237,2
2012,2012-01-27,1906,1,4,19,5,Y,A,Y,A,D,D,-,- ,,09,D,,,,,C,Y,N,D,1,0,0,0,21801.0,2,39.52761514,-122.21492335,4
2012,2012-11-06,1640,11,3,16,2,Y,A,N,A,H,A,A,07,,09,D,,,,,C,Y,N,D,1,0,0,0,21802.0,2,39.52900501,-122.19543332,3
2012,2012-01-17,904,1,4,9,2,N,A,N,A,H,A,A,07,S,08,D,,,,,C,Y,N,D,2,0,0,0,22103.0,2,39.51995216,-122.19964481,4
2012,2012-11-04,1733,11,3,17,7,N,A,N,A,H,B,-,- ,,- ,A,,,Y,,J,N,N,D,1,0,0,1,,1,39.52606538,-122.21880555,2
2012,2012-04-20,1234,4,1,12,5,Y,A,Y,A,H,A,A,01,,09,D,,,,,C,Y,N,D,1,0,0,0,21802.0,2,39.52423515,-122.20180304,4
2012,2012-04-26,1207,4,1,12,4,Y,A,Y,A,H,A,A,01,,03,C,,,,,C,Y,N,D,1,0,0,0,22350.0,2,39.52421515,-122.20892335,4
2012,2012-05-29,1627,5,1,16,2,N,A,N,A,H,A,N,60,N,11,G,Y,,,,B,N,N,D,1,1,0,0,21956.0,2,39.52964694,-122.20457457,3
2012,2012-09-06,851,9,3,8,4,Y,A,N,A,H,A,A,01,,08,D,,Y,,,G,N,N,D,1,0,1,0,22107.0,2,39.52423499,-122.19540326,4
2012,2012-09-27,1304,9,3,13,4,N,A,N,A,H,A,A,01,E,08,D,,,Y,,C,N,N,D,1,0,0,1,22103.0,2,,,4
2012,2012-12-03,1216,12,4,12,1,Y,A,Y,A,H,A,A,01,,09,D,,,,,C,Y,N,D,2,0,0,0,21801.0,2,39.52320502,-122.19396336,4
2012,2012-10-14,1625,10,3,16,7,Y,A,Y,A,H,A,A,01,,09,D,,,,,C,Y,N,A,1,0,0,0,21802.0,2,39.51789506,-122.19391339,4
2012,2012-10-25,2330,10,3,23,4,N,A,Y,A,H,D,A,07,W,08,E,,,,,I,Y,F,D,1,0,0,0,22107.0,1,39.74974489,-122.00017449,4
2013,2013-01-23,1042,1,4,10,3,N,A,N,A,H,A,A,01,W,03,E,,,,,I,Y,N,D,1,0,0,0,22350.0,1,39.7436187,-122.1782799,2
2013,2013-03-13,2010,3,1,20,3,N,A,N,A,H,D,-,- ,N,18,H,,,,,H,Y,N,D,2,0,0,0,,1,39.7689632,-122.1892243,4
2013,2013-03-11,1215,3,1,12,1,N,A,Y,A,H,A,A,01,E,08,F,,,,,A,Y,N,D,1,0,0,0,22107.0,1,39.7448095,-122.0552238,4
2013,2013-02-10,115,2,4,1,7,N,A,Y,A,H,D,A,01,S,08,F,,,,,A,Y,N,D,1,0,0,0,22107.0,1,39.4641154,-122.195564,3
2013,2013-02-25,818,2,4,8,1,N,A,N,A,H,A,C,02,E,08,E,,,Y,,I,N,N,D,1,0,0,1,22107.0,1,39.5823033,-122.1818115,4
2013,2013-03-17,200,3,1,2,7,N,A,N,A,H,D,A,01,E,03,D,,,,,J,Y,N,A,2,0,0,0,22350.0,1,39.73678086,-122.21572101,3
2013,2013-03-31,945,3,1,9,7,N,B,N,B,H,A,D,22,N,08,F,,,,,A,Y,N,D,1,0,0,0,22107.0,1,39.65670109,-122.10356712,4
2013,2013-04-08,30,4,1,0,1,N,B,Y,B,H,D,A,07,S,03,C,,,,Y,C,Y,N,D,3,0,0,0,22350.0,2,39.6175363,-122.2061632,4
2013,2013-04-01,1935,4,1,19,1,N,B,N,A,H,D,A,01,N,08,E,,,,,J,,N,D,2,0,0,0,22107.0,1,39.5922348,-122.2497486,3
2013,2013-04-29,755,4,1,7,1,N,A,Y,A,H,A,D,22,N,17,G,Y,,,,B,N,N,D,1,1,0,0,35111.0,2,39.7459603,-122.0200468,2
2013,2013-05-02,1325,5,1,13,4,N,A,Y,A,H,A,A,01,E,05,B,,,,,C,Y,N,D,2,0,0,0,21460.0,2,39.5218736,-122.1109304,2
2013,2013-05-03,1155,5,1,11,5,N,A,Y,A,H,A,A,01,S,03,C,,,,,C,Y,N,D,1,0,0,0,22350.0,2,,,3
2013,2013-05-04,555,5,1,5,6,N,A,N,A,H,B,A,01,W,08,E,,,,,I,Y,N,D,1,0,0,0,22107.0,1,39.6972151,-122.2396044,2
2013,2013-04-30,2140,4,1,21,2,N,A,N,A,H,C,A,01,S,03,G,Y,,,,B,N,N,D,1,1,0,0,22350.0,2,39.7415513,-122.0110232,3
2013,2013-04-20,1146,4,1,11,6,N,A,Y,A,H,A,A,01,N,08,E,,,,,I,Y,N,D,2,0,0,0,22107.0,1,39.5417353,-122.2146423,4
2013,2013-05-06,1,5,1,0,1,N,A,Y,A,H,D,A,01,N,08,E,,,,,I,N,N,D,1,0,0,0,22107.0,1,39.7017585,-122.2054946,4
2013,2013-05-24,800,5,1,8,5,N,A,N,A,H,A,A,01,S,09,D,,,,,C,Y,N,D,2,0,0,0,21801.0,4,39.7068577,-122.196938,2
2013,2013-05-17,1715,5,1,17,5,N,A,Y,A,H,A,G,27,N,03,C,,,,Y,C,Y,N,D,1,0,0,0,22350.0,2,39.7902566,-122.2033465,4
2013,2013-05-27,900,5,1,9,1,N,B,N,A,H,A,D,22,S,08,E,,,,,I,Y,N,D,1,0,0,0,22107.0,1,39.7200357,-122.1970434,3
2013,2013-06-17,1130,6,2,11,1,N,A,Y,A,H,A,D,22,E,08,E,,,,,I,Y,N,D,1,0,0,0,22107.0,1,39.4640371,-121.8941757,3
2013,2013-06-07,1525,6,2,15,5,N,A,Y,A,H,A,D,22,W,01,B,,,,,C,Y,N,A,1,0,0,0,23152.0,2,39.4643164,-121.9682668,3
2013,2013-06-12,1010,6,2,10,3,Y,A,Y,A,H,A,A,01,,09,D,,,,,C,Y,N,A,1,0,0,0,21802.0,3,39.6305517,-122.0069041,4
2013,2013-06-20,1500,6,2,15,4,N,A,Y,A,H,A,A,07,N,03,C,,,,Y,C,N,N,D,1,0,0,0,22350.0,2,39.7278622,-122.2057412,4
2013,2013-06-02,230,6,2,2,7,N,A,N,A,H,D,A,07,E,08,F,,,,,A,Y,N,D,2,0,0,0,22107.0,1,39.4646151,-122.125609,3
2013,2013-06-07,2145,6,2,21,5,Y,A,Y,A,H,D,A,01,,03,C,,,,,C,N,N,D,1,0,0,0,22350.0,2,39.7451847,-122.0168924,4
2013,2013-06-05,520,6,2,5,3,N,A,Y,A,H,B,A,01,N,05,E,,,,,I,Y,N,D,1,0,0,0,21650.0,1,,,4
2013,2013-06-21,1645,6,2,16,5,N,A,Y,A,H,A,D,22,E,03,C,,,,,C,N,N,D,2,0,0,0,22350.0,3,39.7466877,-122.0117029,4
2013,2013-06-26,1955,6,2,19,3,Y,A,N,A,H,A,D,22,,09,D,,,,,C,N,N,A,1,0,0,0,21802.0,3,39.74419685,-122.23898649,4
2013,2013-06-08,1436,6,2,14,6,Y,A,N,A,H,A,-,- ,,03,C,,,,,C,N,F,A,1,0,0,0,22350.0,2,39.7484551,-122.1928033,4
2013,2013-07-01,1715,7,2,17,1,N,A,N,A,H,A,A,01,W,08,E,,,,,I,Y,N,D,1,0,0,0,22107.0,1,39.7665781,-122.0948036,3
2013,2013-07-05,1010,7,2,10,5,N,A,N,A,H,A,A,01,W,08,E,,,,,I,Y,N,D,1,0,0,0,22107.0,1,39.53439144,-121.9971925,4
2013,2013-07-01,545,7,2,5,1,N,A,Y,A,H,B,A,07,N,08,F,,,,,A,Y,N,D,1,0,0,0,22107.0,1,39.6311799,-122.2043519,3
2013,2013-07-08,1805,7,2,18,1,N,A,N,A,H,A,A,01,S,08,A,,,,,E,Y,N,D,1,0,0,0,22107.0,2,39.5380038,-122.2074597,3
2013,2013-01-19,2157,1,4,21,6,Y,A,N,A,H,C,A,07,,01,B,,,,,C,Y,F,A,4,0,0,0,23152.0,2,39.5205451,-122.1939333,4
2013,2013-06-16,11,6,2,0,7,Y,A,Y,A,H,C,A,01,,09,A,,,,,C,Y,F,A,3,0,0,0,21803.0,2,39.5242351,-122.212292,3
2013,2013-07-02,900,7,2,9,2,N,A,Y,A,H,A,G,25,N,08,E,,,,Y,I,N,N,D,1,0,0,0,22107.0,1,39.524547,-122.2146033,4
2013,2013-07-05,2255,7,2,22,5,N,A,Y,A,H,D,A,01,S,08,E,,,,,I,Y,N,D,3,0,0,0,22107.0,2,39.6217988,-122.2054795,3
2013,2013-07-16,1305,7,2,13,2,Y,A,N,A,H,A,A,07,,09,D,,,,,C,Y,N,A,4,0,0,0,21802.0,2,39.72515856,-122.14099199,3
2013,2013-07-19,2220,7,2,22,5,N,A,Y,A,H,D,A,01,W,03,E,,,,,J,N,N,D,1,0,0,0,22350.0,1,39.524177,-122.2331214,3
2013,2013-07-20,1710,7,2,17,6,N,A,Y,A,H,A,A,07,N,08,E,,,,,I,Y,N,D,2,0,0,0,22107.0,1,39.4699231,-122.1960019,3
2013,2013-08-04,1230,8,2,12,7,N,A,N,A,H,A,-,- ,N,18,E,,,Y,,H,N,N,D,1,0,0,1,,1,39.7272753,-122.1782585,4
2013,2013-07-22,850,7,2,8,1,N,A,Y,A,H,A,A,01,E,21,D,,,,,C,Y,N,D,1,0,0,0,22106.0,2,39.7448634,-122.074865,3
2013,2013-07-22,1419,7,2,14,1,N,A,Y,A,H,A,A,01,S,08,F,,,,,A,Y,N,D,2,0,0,0,22107.0,1,39.4500162,-122.0173842,2
2013,2013-08-16,300,8,2,3,5,N,A,N,A,H,D,D,22,E,08,E,,,,,J,Y,N,D,1,0,0,0,22107.0,1,39.6305778,-122.0031535,4
2013,2013-08-11,800,8,2,8,7,N,A,Y,A,H,A,A,01,S,07,B,,,,,C,Y,N,D,1,0,0,0,21658.0,2,39.6242189,-122.2050949,2
2013,2013-07-20,230,7,2,2,6,N,A,N,A,H,D,A,01,S,01,E,,,,,I,N,N,D,4,0,0,0,23152.0,1,39.5620053,-122.1936806,2
2013,2013-08-15,1950,8,2,19,4,N,A,N,A,H,A,M,46,E,08,C,,,,,C,Y,N,D,1,0,0,0,22107.0,2,39.7106144,-122.1334846,2
2013,2013-08-17,2045,8,2,20,6,N,A,Y,A,H,D,-,- ,N,18,H,,,,Y,A,Y,N,D,1,0,0,0,,1,39.5002294,-122.1998999,3
2013,2013-08-17,1630,8,2,16,6,N,A,N,A,H,A,D,22,E,08,E,,,,,J,Y,N,D,1,0,0,0,22107.0,1,39.68151913,-122.80253112,4
2013,2013-09-03,612,9,3,6,2,N,A,N,A,H,D,D,22,S,08,E,,,,,I,Y,N,D,1,0,0,0,22107.0,1,39.6489254,-122.1971999,4
2013,2013-08-26,700,8,2,7,1,Y,A,N,A,H,A,A,07,,12,D,,,,,C,N,N,A,2,0,0,0,22450.0,2,39.7257251,-122.1969533,4
2013,2013-08-18,330,8,2,3,7,N,A,Y,A,H,C,A,01,S,01,F,,,,,A,Y,N,D,1,0,0,0,23152.0,1,39.7170247,-122.0070011,3
2013,2013-08-11,830,8,2,8,7,Y,F,Y,A,H,A,A,01,,- ,E,,,,,I,N,N,A,1,0,0,0,,1,39.5218052,-122.0140433,4
2013,2013-09-08,1745,9,3,17,7,N,A,Y,A,H,A,A,01,S,08,E,,,,,I,Y,N,D,1,0,0,0,22107.0,1,39.4933869,-122.0202519,2
2013,2013-09-02,1048,9,3,10,1,N,A,N,A,H,A,-,- ,E,18,F,,Y,,,A,N,N,D,1,0,1,0,,1,39.7329351,-122.1966334,3
2013,2013-08-30,1945,8,2,19,5,N,A,N,A,H,B,A,07,S,08,E,,,,,I,Y,N,D,1,0,0,0,22107.0,1,39.7438654,-122.3745743,2
2013,2013-09-14,1650,9,3,16,6,N,A,Y,A,H,A,D,22,S,08,E,,,,,I,Y,N,D,1,0,0,0,22107.0,1,39.4612453,-122.1948201,4
2013,2013-09-05,1554,9,3,15,4,Y,A,Y,A,H,A,D,23,,03,C,,,,,C,N,N,D,1,0,0,0,22350.0,2,39.7473762,-122.1929552,4
2013,2013-09-27,814,9,3,8,5,N,A,Y,A,H,A,G,25,W,08,D,,,,Y,C,Y,N,D,1,0,0,0,22107.0,2,39.5218352,-122.0417307,4
2013,2013-09-04,1040,9,3,10,3,Y,A,N,A,H,A,A,01,,09,A,,,,,C,Y,N,D,3,0,0,0,21801.0,3,39.783665,-122.1976534,2
2013,2013-10-01,530,10,3,5,2,N,A,Y,A,H,D,A,01,W,03,C,,,,,C,Y,N,D,1,0,0,0,22350.0,2,39.4643937,-121.9794942,3
2013,2013-09-18,1810,9,3,18,3,N,A,Y,A,H,A,A,01,W,03,C,,,,,C,Y,N,D,1,0,0,0,22350.0,3,39.745108,-122.0171559,3
2013,2013-10-04,1001,10,3,10,5,Y,A,Y,A,H,A,-,- ,,18,F,,,,Y,A,Y,N,A,1,0,0,0,,1,39.5824897,-122.007645,4
2013,2013-10-27,1625,10,3,16,7,N,A,Y,A,H,A,D,22,E,03,C,,,,,C,Y,N,A,3,0,0,0,22350.0,3,39.7468352,-122.1268057,3
2013,2013-10-28,1728,10,3,17,1,Y,A,Y,A,H,A,E,22,,12,D,,,,,C,Y,N,A,4,0,0,0,22450.0,3,39.7469079,-122.1420007,2
2013,2013-10-13,1500,10,3,15,7,N,A,Y,A,H,A,A,01,S,01,E,,,,,I,Y,N,D,1,0,0,0,23152.0,1,39.7479152,-122.2057334,3
2013,2013-10-14,1720,10,3,17,1,N,A,Y,A,H,A,A,07,S,07,B,,,,,C,Y,N,D,1,0,0,0,21658.0,3,39.7775699,-122.2045112,3
2013,2013-09-13,1659,9,3,16,5,N,A,Y,A,H,A,A,01,W,04,C,,,,,C,Y,N,D,1,0,0,0,21703.0,2,39.7473502,-122.1877665,4
2013,2013-10-16,1715,10,3,17,3,Y,A,Y,A,H,B,A,01,,03,C,,,,,C,N,N,D,1,0,0,0,22350.0,3,39.7448525,-122.018034,4
2013,2013-11-08,1810,11,3,18,5,N,A,N,A,H,C,D,22,S,03,C,,,,,C,N,N,A,3,0,0,0,22350.0,2,39.7519727,-122.2089349,4